show tables;

-- insert into user(id, name, email, password, regdate) values (3, 'kim sungpark', 'urstory@gmail.com', '{bcrypt}$2a$10$YawlEecaIvN5xMW7886JhOj6Iuy..f.XfoGy8/vJCW/5iRQlP3pzy', now());
-- insert into user(id, name, email, password, regdate) values (4, 'lee', 'lee@gmail.com', '{bcrypt}$2a$10$YawlEecaIvN5xMW7886JhOj6Iuy..f.XfoGy8/vJCW/5iRQlP3pzy', now());
-- insert into user(id, name, email, password, regdate) values (5, 'choi', 'choi@gmail.com', '{bcrypt}$2a$10$YawlEecaIvN5xMW7886JhOj6Iuy..f.XfoGy8/vJCW/5iRQlP3pzy', now());
-- -- insert into users(id, name, email, password, regdate) values (6, 'han', 'han@gmail.com', '1234', now());
-- -- insert into users(id, name, email, password, regdate) values (7, 'han', 'han@gmail.com', '1234', now());
-- insert into user_role(id, user_id, role_name) values (1, 3, 'USER');
-- insert into user_role(id, user_id, role_name) values (2, 3, 'ADMIN');
-- insert into user_role(id, user_id, role_name) values (3, 4, 'USER');
-- insert into user_role(id, user_id, role_name) values (4, 5, 'USER');
--
-- insert into board(id , user_id, title, content, read_count, regdate) values ( null, 3, 'hello 1111', 'hello content 1111', 0, now());
-- insert into board(id , user_id, title, content, read_count, regdate) values ( null, 3, 'hello 1111', 'hello content 1111', 0, now());
-- insert into board(id , user_id, title, content, read_count, regdate) values ( null, 3, 'hello 1111', 'hello content 1111', 0, now());
-- insert into board(id , user_id, title, content, read_count, regdate) values ( null, 3, 'hello 1111', 'hello content 1111', 0, now());
-- insert into board(id , user_id, title, content, read_count, regdate) values ( null, 3, 'hello 1111', 'hello content 1111', 0, now());
-- insert into board(id , user_id, title, content, read_count, regdate) values ( null, 3, 'hello 1111', 'hello content 1111', 0, now());
-- insert into board(id , user_id, title, content, read_count, regdate) values ( null, 3, 'hello 1111', 'hello content 1111', 0, now());
-- insert into board(id , user_id, title, content, read_count, regdate) values ( null, 3, 'hello 1111', 'hello content 1111', 0, now());
-- insert into board(id , user_id, title, content, read_count, regdate) values ( null, 3, 'hello 1111', 'hello content 1111', 0, now());
-- insert into board(id , user_id, title, content, read_count, regdate) values ( null, 3, 'hello 1111', 'hello content 1111', 0, now());
-- insert into board(id , user_id, title, content, read_count, regdate) values ( null, 3, 'hello 1111', 'hello content 1111', 0, now());
-- insert into board(id , user_id, title, content, read_count, regdate) values ( null, 3, 'hello 1111', 'hello content 1111', 0, now());
-- insert into board(id , user_id, title, content, read_count, regdate) values ( null, 3, 'hello 1111', 'hello content 1111', 0, now());
-- insert into board(id , user_id, title, content, read_count, regdate) values ( null, 3, 'hello 1111', 'hello content 1111', 0, now());
-- insert into board(id , user_id, title, content, read_count, regdate) values ( null, 3, 'hello 1111', 'hello content 1111', 0, now());
-- insert into board(id , user_id, title, content, read_count, regdate) values ( null, 3, 'hello 1111', 'hello content 1111', 0, now());
-- insert into board(id , user_id, title, content, read_count, regdate) values ( null, 3, 'hello 1111', 'hello content 1111', 0, now());
-- insert into board(id , user_id, title, content, read_count, regdate) values ( null, 3, 'hello 1111', 'hello content 1111', 0, now());
-- insert into board(id , user_id, title, content, read_count, regdate) values ( null, 3, 'hello 1111', 'hello content 1111', 0, now());
-- insert into board(id , user_id, title, content, read_count, regdate) values ( null, 3, 'hello 1111', 'hello content 1111', 0, now());
-- insert into board(id , user_id, title, content, read_count, regdate) values ( null, 3, 'hello 1111', 'hello content 1111', 0, now());
-- insert into board(id , user_id, title, content, read_count, regdate) values ( null, 3, 'hello 1111', 'hello content 1111', 0, now());
-- insert into board(id , user_id, title, content, read_count, regdate) values ( null, 3, 'hello 1111', 'hello content 1111', 0, now());
-- insert into board(id , user_id, title, content, read_count, regdate) values ( null, 3, 'hello 1111', 'hello content 1111', 0, now());
-- insert into board(id , user_id, title, content, read_count, regdate) values ( null, 3, 'hello 1111', 'hello content 1111', 0, now());
-- insert into board(id , user_id, title, content, read_count, regdate) values ( null, 3, 'hello 1111', 'hello content 1111', 0, now());
-- insert into board(id , user_id, title, content, read_count, regdate) values ( null, 3, 'hello 1111', 'hello content 1111', 0, now());
-- insert into board(id , user_id, title, content, read_count, regdate) values ( null, 3, 'hello 1111', 'hello content 1111', 0, now());
-- insert into board(id , user_id, title, content, read_count, regdate) values ( null, 3, 'hello 1111', 'hello content 1111', 0, now());
-- insert into board(id , user_id, title, content, read_count, regdate) values ( null, 3, 'hello 1111', 'hello content 1111', 0, now());
-- insert into board(id , user_id, title, content, read_count, regdate) values ( null, 3, 'hello 1111', 'hello content 1111', 0, now());
-- insert into board(id , user_id, title, content, read_count, regdate) values ( null, 3, 'hello 1111', 'hello content 1111', 0, now());
-- insert into board(id , user_id, title, content, read_count, regdate) values ( null, 3, 'hello 1111', 'hello content 1111', 0, now());
-- insert into board(id , user_id, title, content, read_count, regdate) values ( null, 3, 'hello 1111', 'hello content 1111', 0, now());
-- insert into board(id , user_id, title, content, read_count, regdate) values ( null, 3, 'hello 1111', 'hello content 1111', 0, now());
-- insert into board(id , user_id, title, content, read_count, regdate) values ( null, 3, 'hello 1111', 'hello content 1111', 0, now());
-- insert into board(id , user_id, title, content, read_count, regdate) values ( null, 3, 'hello 1111', 'hello content 1111', 0, now());
-- insert into board(id , user_id, title, content, read_count, regdate) values ( null, 3, 'hello 1111', 'hello content 1111', 0, now());
-- insert into board(id , user_id, title, content, read_count, regdate) values ( null, 3, 'hello 1111', 'hello content 1111', 0, now());
-- insert into board(id , user_id, title, content, read_count, regdate) values ( null, 3, 'hello 1111', 'hello content 1111', 0, now());
-- insert into board(id , user_id, title, content, read_count, regdate) values ( null, 3, 'hello 1111', 'hello content 1111', 0, now());
-- insert into board(id , user_id, title, content, read_count, regdate) values ( null, 3, 'hello 1111', 'hello content 1111', 0, now());
-- insert into board(id , user_id, title, content, read_count, regdate) values ( null, 3, 'hello 1111', 'hello content 1111', 0, now());
-- insert into board(id , user_id, title, content, read_count, regdate) values ( null, 3, 'hello 1111', 'hello content 1111', 0, now());
-- insert into board(id , user_id, title, content, read_count, regdate) values ( null, 3, 'hello 1111', 'hello content 1111', 0, now());
-- insert into board(id , user_id, title, content, read_count, regdate) values ( null, 3, 'hello 1111', 'hello content 1111', 0, now());
-- insert into board(id , user_id, title, content, read_count, regdate) values ( null, 3, 'hello 1111', 'hello content 1111', 0, now());
-- insert into board(id , user_id, title, content, read_count, regdate) values ( null, 3, 'hello 1111', 'hello content 1111', 0, now());
-- insert into board(id , user_id, title, content, read_count, regdate) values ( null, 3, 'hello 1111', 'hello content 1111', 0, now());
-- insert into board(id , user_id, title, content, read_count, regdate) values ( null, 3, 'hello 1111', 'hello content 1111', 0, now());
-- insert into board(id , user_id, title, content, read_count, regdate) values ( null, 3, 'hello 1111', 'hello content 1111', 0, now());
-- insert into board(id , user_id, title, content, read_count, regdate) values ( null, 3, 'hello 1111', 'hello content 1111', 0, now());
-- insert into board(id , user_id, title, content, read_count, regdate) values ( null, 3, 'hello 1111', 'hello content 1111', 0, now());
-- insert into board(id , user_id, title, content, read_count, regdate) values ( null, 3, 'hello 1111', 'hello content 1111', 0, now());
-- insert into board(id , user_id, title, content, read_count, regdate) values ( null, 3, 'hello 1111', 'hello content 1111', 0, now());
-- insert into board(id , user_id, title, content, read_count, regdate) values ( null, 3, 'hello 1111', 'hello content 1111', 0, now());
-- insert into board(id , user_id, title, content, read_count, regdate) values ( null, 3, 'hello 1111', 'hello content 1111', 0, now());
-- insert into board(id , user_id, title, content, read_count, regdate) values ( null, 3, 'hello 1111', 'hello content 1111', 0, now());
-- insert into board(id , user_id, title, content, read_count, regdate) values ( null, 3, 'hello 1111', 'hello content 1111', 0, now());
-- insert into board(id , user_id, title, content, read_count, regdate) values ( null, 3, 'hello 1111', 'hello content 1111', 0, now());
-- insert into board(id , user_id, title, content, read_count, regdate) values ( null, 3, 'hello 1111', 'hello content 1111', 0, now());
-- insert into board(id , user_id, title, content, read_count, regdate) values ( null, 3, 'hello 1111', 'hello content 1111', 0, now());
-- insert into board(id , user_id, title, content, read_count, regdate) values ( null, 3, 'hello 1111', 'hello content 1111', 0, now());
-- insert into board(id , user_id, title, content, read_count, regdate) values ( null, 3, 'hello 1111', 'hello content 1111', 0, now());
-- insert into board(id , user_id, title, content, read_count, regdate) values ( null, 3, 'hello 1111', 'hello content 1111', 0, now());
-- insert into board(id , user_id, title, content, read_count, regdate) values ( null, 3, 'hello 1111', 'hello content 1111', 0, now());
-- insert into board(id , user_id, title, content, read_count, regdate) values ( null, 3, 'hello 1111', 'hello content 1111', 0, now());
-- insert into board(id , user_id, title, content, read_count, regdate) values ( null, 3, 'hello 1111', 'hello content 1111', 0, now());
-- insert into board(id , user_id, title, content, read_count, regdate) values ( null, 3, 'hello 1111', 'hello content 1111', 0, now());
-- insert into board(id , user_id, title, content, read_count, regdate) values ( null, 3, 'hello 1111', 'hello content 1111', 0, now());
-- insert into board(id , user_id, title, content, read_count, regdate) values ( null, 3, 'hello 1111', 'hello content 1111', 0, now());
-- insert into board(id , user_id, title, content, read_count, regdate) values ( null, 3, 'hello 1111', 'hello content 1111', 0, now());
-- insert into board(id , user_id, title, content, read_count, regdate) values ( null, 3, 'hello 1111', 'hello content 1111', 0, now());
-- insert into board(id , user_id, title, content, read_count, regdate) values ( null, 3, 'hello 1111', 'hello content 1111', 0, now());
-- insert into board(id , user_id, title, content, read_count, regdate) values ( null, 3, 'hello 1111', 'hello content 1111', 0, now());
-- insert into board(id , user_id, title, content, read_count, regdate) values ( null, 3, 'hello 1111', 'hello content 1111', 0, now());
-- insert into board(id , user_id, title, content, read_count, regdate) values ( null, 3, 'hello 1111', 'hello content 1111', 0, now());
-- insert into board(id , user_id, title, content, read_count, regdate) values ( null, 3, 'hello 1111', 'hello content 1111', 0, now());
-- insert into board(id , user_id, title, content, read_count, regdate) values ( null, 3, 'hello 1111', 'hello content 1111', 0, now());
-- insert into board(id , user_id, title, content, read_count, regdate) values ( null, 3, 'hello 1111', 'hello content 1111', 0, now());
-- insert into board(id , user_id, title, content, read_count, regdate) values ( null, 3, 'hello 1111', 'hello content 1111', 0, now());
-- insert into board(id , user_id, title, content, read_count, regdate) values ( null, 3, 'hello 1111', 'hello content 1111', 0, now());
-- insert into board(id , user_id, title, content, read_count, regdate) values ( null, 3, 'hello 1111', 'hello content 1111', 0, now());
-- insert into board(id , user_id, title, content, read_count, regdate) values ( null, 3, 'hello 1111', 'hello content 1111', 0, now());
-- insert into board(id , user_id, title, content, read_count, regdate) values ( null, 3, 'hello 1111', 'hello content 1111', 0, now());
-- insert into board(id , user_id, title, content, read_count, regdate) values ( null, 3, 'hello 1111', 'hello content 1111', 0, now());
-- insert into board(id , user_id, title, content, read_count, regdate) values ( null, 3, 'hello 1111', 'hello content 1111', 0, now());
-- insert into board(id , user_id, title, content, read_count, regdate) values ( null, 3, 'hello 1111', 'hello content 1111', 0, now());
-- insert into board(id , user_id, title, content, read_count, regdate) values ( null, 3, 'hello 1111', 'hello content 1111', 0, now());
-- insert into board(id , user_id, title, content, read_count, regdate) values ( null, 3, 'hello 1111', 'hello content 1111', 0, now());
-- insert into board(id , user_id, title, content, read_count, regdate) values ( null, 3, 'hello 1111', 'hello content 1111', 0, now());
-- insert into board(id , user_id, title, content, read_count, regdate) values ( null, 3, 'hello 1111', 'hello content 1111', 0, now());
-- insert into board(id , user_id, title, content, read_count, regdate) values ( null, 3, 'hello 1111', 'hello content 1111', 0, now());
-- insert into board(id , user_id, title, content, read_count, regdate) values ( null, 3, 'hello 1111', 'hello content 1111', 0, now());
-- insert into board(id , user_id, title, content, read_count, regdate) values ( null, 3, 'hello 1111', 'hello content 1111', 0, now());
-- insert into board(id , user_id, title, content, read_count, regdate) values ( null, 3, 'hello 1111', 'hello content 1111', 0, now());
-- insert into board(id , user_id, title, content, read_count, regdate) values ( null, 3, 'hello 1111', 'hello content 1111', 0, now());
-- insert into board(id , user_id, title, content, read_count, regdate) values ( null, 3, 'hello 1111', 'hello content 1111', 0, now());
-- insert into board(id , user_id, title, content, read_count, regdate) values ( null, 3, 'hello 1111', 'hello content 1111', 0, now());
-- insert into board(id , user_id, title, content, read_count, regdate) values ( null, 3, 'hello 1111', 'hello content 1111', 0, now());
-- insert into board(id , user_id, title, content, read_count, regdate) values ( null, 3, 'hello 1111', 'hello content 1111', 0, now());
-- insert into board(id , user_id, title, content, read_count, regdate) values ( null, 3, 'hello 1111', 'hello content 1111', 0, now());
-- insert into board(id , user_id, title, content, read_count, regdate) values ( null, 3, 'hello 1111', 'hello content 1111', 0, now());
-- insert into board(id , user_id, title, content, read_count, regdate) values ( null, 3, 'hello 1111', 'hello content 1111', 0, now());
-- insert into board(id , user_id, title, content, read_count, regdate) values ( null, 3, 'hello 1111', 'hello content 1111', 0, now());
-- insert into board(id , user_id, title, content, read_count, regdate) values ( null, 3, 'hello 1111', 'hello content 1111', 0, now());
-- insert into board(id , user_id, title, content, read_count, regdate) values ( null, 3, 'hello 1111', 'hello content 1111', 0, now());
-- insert into board(id , user_id, title, content, read_count, regdate) values ( null, 3, 'hello 1111', 'hello content 1111', 0, now());
-- insert into board(id , user_id, title, content, read_count, regdate) values ( null, 3, 'hello 1111', 'hello content 1111', 0, now());
-- insert into board(id , user_id, title, content, read_count, regdate) values ( null, 3, 'hello 1111', 'hello content 1111', 0, now());
-- insert into board(id , user_id, title, content, read_count, regdate) values ( null, 3, 'hello 1111', 'hello content 1111', 0, now());
-- insert into board(id , user_id, title, content, read_count, regdate) values ( null, 3, 'hello 1111', 'hello content 1111', 0, now());
-- insert into board(id , user_id, title, content, read_count, regdate) values ( null, 3, 'hello 1111', 'hello content 1111', 0, now());
-- insert into board(id , user_id, title, content, read_count, regdate) values ( null, 3, 'hello 1111', 'hello content 1111', 0, now());
-- insert into board(id , user_id, title, content, read_count, regdate) values ( null, 3, 'hello 1111', 'hello content 1111', 0, now());
-- insert into board(id , user_id, title, content, read_count, regdate) values ( null, 3, 'hello 1111', 'hello content 1111', 0, now());
-- insert into board(id , user_id, title, content, read_count, regdate) values ( null, 3, 'hello 1111', 'hello content 1111', 0, now());
-- insert into board(id , user_id, title, content, read_count, regdate) values ( null, 3, 'hello 1111', 'hello content 1111', 0, now());
-- insert into board(id , user_id, title, content, read_count, regdate) values ( null, 3, 'hello 1111', 'hello content 1111', 0, now());
-- insert into board(id , user_id, title, content, read_count, regdate) values ( null, 3, 'hello 1111', 'hello content 1111', 0, now());
-- insert into board(id , user_id, title, content, read_count, regdate) values ( null, 3, 'hello 1111', 'hello content 1111', 0, now());
-- insert into board(id , user_id, title, content, read_count, regdate) values ( null, 3, 'hello 1111', 'hello content 1111', 0, now());
-- insert into board(id , user_id, title, content, read_count, regdate) values ( null, 3, 'hello 1111', 'hello content 1111', 0, now());
-- insert into board(id , user_id, title, content, read_count, regdate) values ( null, 3, 'hello 1111', 'hello content 1111', 0, now());
-- insert into board(id , user_id, title, content, read_count, regdate) values ( null, 3, 'hello 1111', 'hello content 1111', 0, now());
-- insert into board(id , user_id, title, content, read_count, regdate) values ( null, 3, 'hello 1111', 'hello content 1111', 0, now());
-- insert into board(id , user_id, title, content, read_count, regdate) values ( null, 3, 'hello 1111', 'hello content 1111', 0, now());
-- insert into board(id , user_id, title, content, read_count, regdate) values ( null, 3, 'hello 1111', 'hello content 1111', 0, now());
-- insert into board(id , user_id, title, content, read_count, regdate) values ( null, 3, 'hello 1111', 'hello content 1111', 0, now());
-- insert into board(id , user_id, title, content, read_count, regdate) values ( null, 3, 'hello 1111', 'hello content 1111', 0, now());
-- insert into board(id , user_id, title, content, read_count, regdate) values ( null, 3, 'hello 1111', 'hello content 1111', 0, now());
-- insert into board(id , user_id, title, content, read_count, regdate) values ( null, 3, 'hello 1111', 'hello content 1111', 0, now());
-- insert into board(id , user_id, title, content, read_count, regdate) values ( null, 3, 'hello 1111', 'hello content 1111', 0, now());
-- insert into board(id , user_id, title, content, read_count, regdate) values ( null, 3, 'hello 1111', 'hello content 1111', 0, now());
-- insert into board(id , user_id, title, content, read_count, regdate) values ( null, 3, 'hello 1111', 'hello content 1111', 0, now());
-- insert into board(id , user_id, title, content, read_count, regdate) values ( null, 3, 'hello 1111', 'hello content 1111', 0, now());
-- insert into board(id , user_id, title, content, read_count, regdate) values ( null, 3, 'hello 1111', 'hello content 1111', 0, now());
-- insert into board(id , user_id, title, content, read_count, regdate) values ( null, 3, 'hello 1111', 'hello content 1111', 0, now());
-- insert into board(id , user_id, title, content, read_count, regdate) values ( null, 3, 'hello 1111', 'hello content 1111', 0, now());
-- insert into board(id , user_id, title, content, read_count, regdate) values ( null, 3, 'hello 1111', 'hello content 1111', 0, now());
-- insert into board(id , user_id, title, content, read_count, regdate) values ( null, 3, 'hello 1111', 'hello content 1111', 0, now());
-- insert into board(id , user_id, title, content, read_count, regdate) values ( null, 3, 'hello 1111', 'hello content 1111', 0, now());
-- insert into board(id , user_id, title, content, read_count, regdate) values ( null, 3, 'hello 1111', 'hello content 1111', 0, now());
-- insert into board(id , user_id, title, content, read_count, regdate) values ( null, 3, 'hello 1111', 'hello content 1111', 0, now());
-- insert into board(id , user_id, title, content, read_count, regdate) values ( null, 3, 'hello 1111', 'hello content 1111', 0, now());
-- insert into board(id , user_id, title, content, read_count, regdate) values ( null, 3, 'hello 1111', 'hello content 1111', 0, now());
-- insert into board(id , user_id, title, content, read_count, regdate) values ( null, 3, 'hello 1111', 'hello content 1111', 0, now());
-- insert into board(id , user_id, title, content, read_count, regdate) values ( null, 3, 'hello 1111', 'hello content 1111', 0, now());
-- insert into board(id , user_id, title, content, read_count, regdate) values ( null, 3, 'hello 1111', 'hello content 1111', 0, now());
-- insert into board(id , user_id, title, content, read_count, regdate) values ( null, 3, 'hello 2222', 'hello content 222', 0, now());
-- insert into board(id , user_id, title, content, read_count, regdate) values ( null, 4, 'hello 3333', 'hello content 333', 0, now());
-- insert into board(id , user_id, title, content, read_count, regdate) values ( null, 5, 'hello 4444', 'hello content 444', 0, now());
-- insert into board(id , user_id, title, content, read_count, regdate) values ( null, 4, 'hello 5555', 'hello content 5555', 0, now());
-- insert into board(id , user_id, title, content, read_count, regdate) values ( null, 3, 'hello 6666', 'hello content 6666', 0, now());
-- insert into board(id , user_id, title, content, read_count, regdate) values ( null, 3, 'hello 7777', 'hello content 7777', 0, now());
-- insert into board(id , user_id, title, content, read_count, regdate) values ( null, 3, 'hello 8888', 'hello content 8888', 0, now());
-- insert into board(id , user_id, title, content, read_count, regdate) values ( null, 3, 'hello 9999', 'hello content 9999', 0, now());
-- insert into board(id , user_id, title, content, read_count, regdate) values ( null, 3, 'hello 0000', 'hello content 0000', 0, now());
-- insert into board(id , user_id, title, content, read_count, regdate) values ( null, 3, 'hello 1111', 'hello content 1111', 0, now());
-- insert into board(id , user_id, title, content, read_count, regdate) values ( null, 3, 'hello 2222', 'hello content 222', 0, now());
-- insert into board(id , user_id, title, content, read_count, regdate) values ( null, 3, 'hello 3333', 'hello content 333', 0, now());
-- insert into board(id , user_id, title, content, read_count, regdate) values ( null, 3, 'hello 4444', 'hello content 444', 0, now());
-- insert into board(id , user_id, title, content, read_count, regdate) values ( null, 3, 'hello 5555', 'hello content 555', 0, now());
-- insert into board(id , user_id, title, content, read_count, regdate) values ( null, 3, 'hello 6666', 'hello content 666', 0, now());
-- insert into board(id , user_id, title, content, read_count, regdate) values ( null, 3, 'hello 7777', 'hello content 7777', 0, now());
-- insert into board(id , user_id, title, content, read_count, regdate) values ( null, 3, 'hello 7777', 'hello content 8888', 0, now());
